愛のシュプリーム！	Ai no Supreme	Love Supreme
めいど・うぃず・どらごんず♥	Made with Dragons	Maid with Dragons
BlackFlagBreaker!!
Dig Delight!
Floor Killer
Cry Baby
怪物	Monster
明け星	Akeboshi
シル・ヴ・プレジデント	Sʼil vous President
さんさーら！	Samsara
ギラギラ	Giragira
違う、そうじゃない	CHIGAU SOUJANAI	Chigau Sou Jya Nai
俺ら東京さ行ぐだ	Ora Tokyo sa Iguda
Realize
Long shot
FLARE
天空カフェテリア	Tenkuu Cafeteria
ヒバリ	Hibari
Say!ファンファーレ!	Say Fanfare
Virtual to LIVE
圧　倒　的　存　在　感	smash the paint
なだめスかし Negotiation（TVsize）	sugoi dekai	Negotiation
Lost Princess
Mirage Game
永遠のAria	eien no aria
キズナミュージック♪	Kizuna Music
FIRE BIRD
夜に駆ける	YOASOBI	Into the Night	Yoru ni Kakeru	Racing into the night	Race into the night
香水	Kousui	Perfume
猫 ～THE FIRST TAKE ver.～	Neko The First Take ver
インフェルノ	Inferno
残酷な天使のテーゼ	A Cruel Angel's Thesis	Cruel Angel's Thesis	Evangelion
紅	Kurenai
うまぴょい伝説	Umapyoi Densetsu	Umapyoi	Uma musume
GO! GO! MANIAC
エクストラ・マジック・アワー	Extra Magic Hour
名前のない怪物	Monster without a Name
うっせぇわ	Ussewa	Shut up	Be quiet
廻廻奇譚	Kaikai kitan
乙女のルートはひとつじゃない！	Otome no Route wa Hitotsu Janai!
I believe what you said
No.1
ザ・ライブ革命でSHOW！	At The Live Revolution SHOW!	The Live Revolution SHOW!
Yes! Party Time!!
Deep in Abyss
町かどタンジェント	Machikado Tangent	Town corner tangent
異世界かるてっと	Isekai Quartet
Paradise Lost
脳裏上のクラッカー	Nori Ue no Cracker	Nouri Ue no Cracker
もってけ!セーラーふく	Motteke! Sailor Fuku
歩いていこう！	Aruite Ikou
甲賀忍法帖	Koga Shinobu Hojo	The Jouga Ninja Scrolls	Kouga Ninpouchou
Shiny Smily Story
キラメキライダー☆	Kirameki Rider
モノノケ・イン・ザ・フィクション	mononoke in the fiction
君のせい	Kimi no Sei
Pretender
Phantom Joke
ごまかし	Gomakashi
だから僕は音楽を辞めた	That's Why I Quit Music	That's Why I Gave Up On Music	Moonlight
真赤な誓い	Makka na Chikai
killy killy JOKER
Lostorage
Kadenz
euphoric field（English）	euphoric field
今宵mofumofu!!
チャージマン研！	Charge Man Ken
殺人レコード恐怖のメロディ
かっとばせ！未来へ	Kattokase Miraie	Kattokase Miraihe
ALL FOR ONE★
アイドル活動！オンパレード！ver.	Idol Katsudou	Idol Life	Aikatsu
ダイヤモンドハッピー	Diamond Happy
禁じられた遊び	Kinjirareta Asobi
HELLO to DREAM
君色Everyday	Kimiiro Everyday
お願いマッスル	Onegai Muscle
Ray ―はじまりのセカイ― (クロニクルアレンジver.)	Ray Hajimari no Sekai
狩猟戦旗～REQUIEM
さよならエレジー	Sayonara Elegy
紅蓮華	Gurenge	Demon Slayer
五等分の気持ち	Gotoubun no Kimochi
God knows...
Bull's Eye
Rightfully
巫女みこナース・愛のテーマ
nowhere
徒花ネクロマンシー	Adabana Necromancy
目覚めRETURNER	Mezame Returner
ストライク・ザ・ブラッド	Strike the Blood
気ままな天使たち	Kimama na Tenshi-tachi
ハッピー・ハッピー・フレンズ	Happy Happy Friends
Deal with the devil
Star Divine
輪舞-revolution	Rondo	Rondo Revolution
▲MEW▲△MEW△CAKE
野良猫ハート
Baby Sweet Berry Love
grilletto
UNION
Lemon
BURST THE GRAVITY
ヒプノシスマイク -Division Battle Anthem-	Hypnosismic
ハッピー☆マテリアル	Happy Material
ただ君に晴れ	Tada Kimi ni Hare
Distance
咲かせよ 沸かせよ バンバンBURN！
碧き孤島のアングゥィス
TOMORROW
ラブって♡ジュエリー♪えんじぇる☆ブレイク！！	lovette jewelry angel break	Love is ♡ jewelry ♪ Angel ☆ Break
ぶれいくるみるくらぶ！
ゴーゴー幽霊船	Go Go Yureisen
未来イマジネーション！	Mirai Imagination!
純情-SAKURA-	Junjo Sakura
青春サイダー	Seishun Cider
ネ！コ！	NE!KO!
セハガガガンバッちゃう！！	SEHA GA GA GANBATCHAU
Cosmic twinkle star
終わりなき物語	OWARINAKIMONOGATARI
Our Fighting
ホシトハナ	Hoshi to Hana
Clover Heart's
Vampire
前前前世	Zenzenzense	Your Name
Paradisus-Paradoxum
ようこそジャパリパークへ	Youkoso Jyapariparkhe	Welcome to Japari Park
Face of Fact
true my heart -Lovable mix-
ラブリー☆えんじぇる!!	Lovely☆Angel!!
若い力 -SEGA HARD GIRLS MIX-	WAKAICHIKARA -SEGA HARD GIRLS MIX-
Daydream café
Redo
鳥の詩	Tori no Uta
回レ！雪月花	maware	Maware! setsugetsuka
ジングルベル	Jingle Bell	Jingle Bells
くらべられっ子	Kuraberarekko	Compared Child
あの世行きのバスに乗ってさらば。	I'm getting on the bus to the other world, see ya!	bus
泥の分際で私だけの大切を奪おうだなんて	dorono	Being low as dirt, taking what's important from me	being low as dirt	low as dirt
吉原ラメント	YOSHIWARALAMENTO	yoshiwara lament
フォニイ	Phony
ジャンキーナイトタウンオーケストラ	Junky Night Town Orchestra
エバ	Eva
トラフィック・ジャム	Traffic Jam
モア！ジャンプ！モア！	More Jump More
携帯恋話	Keitairenwa
エンヴィーベイビー	Envy Baby
ダーリンダンス	Darling Dance
初音天地開闢神話	Hatsune Tenchikaibyaku Shinwa	Hatsune Creation Myth
ヴァンパイア	Vampire	Vampire DECO27	Vamiper voca	Vampire vocaloid
帝国少女	Imperial Girl
クーネル・エンゲイザー
グッバイ宣言	Goodbye Sengen
テレキャスタービーボーイ	Telecaster Bboy
ボッカデラベリタ	Bocca Della Verita
ヴィラン	villain
KING
電脳少女は歌姫の夢を見るか？
心予報	Kokoroyohou
拝啓、桜舞い散るこの日に	Haikei Sakura Maichiru Kono Hi Ni
セカイ	Sekai
ローリンガール	Rollin'Girl	Rolling Girl
サイバーサンダーサイダー	Cyber Thunder Cider
骸骨楽団とリリア	Skeleton Orchestra	Skeleton Orchestra and Lilia
失敗作少女	Failure Girl
高音厨音域テスト	Kouon Chuu On'iki Test	High Pitch Addicts Vocal Range Test
深海のリトルクライ feat. 土岐麻子	Little Cry of the Abyss
二次元ドリームフィーバー	2 Dimension Dream Fever	2d Dream Fever	Nijigen Dream Fever
ラグトレイン	Lagtrain
幽霊東京	Ghost City Tokyo	Yuurei Tokyo
ポジティブ・パレード	Positive Parade
惑星ループ	Wakusei loop
スーサイドパレヱド	Suicide Parade
永遠にゲームで対戦したいキリタン	kiritan	Kiritan Wants to Battle Online Forever
アンヘル	Angel
アンドロイドガール	Android Girl
こちら、幸福安心委員会です。	Kochira, Koufuku Anshin Iinkai desu.	This is happiness and peace of mind committee.	This is, the Happiness and Peace of Mind Committee.	Happiness Committee
彗星ハネムーン	Comet Honeymoon
サクリファイス	Sacrifice
愛されなくても君がいる	Aisarenakute mo Kimi ga Iru	Because You’re Here	Even if I'm Not Loved, You're here
ぽかぽかの星	Pokapoka no Hoshi	Cozy Planet	Poka Poka Planet
スターナイトスノウ	Star Night Snow
白ゆき	Shirayuki
セカイはまだ始まってすらいない	Sekai hasn't even started yet
ドラマツルギー	Dramaturgy
アンクローズ・ヒューマン	Unclosed Human
ベノム	Venom
命に嫌われている	Hated By Life Itself
乙女解剖	Otome Kaibou	Maiden Dissection	Otome Dissection
フィクサー	Fixer
バイオレンストリガー	Violence Trigger
KILLER B
アヤカシ	Ayakashi
残響	Zankyou	Reverberation
クレイジー・ビート	crazy beat	crazy beats
グリーンライツ・セレナーデ	Greenlights Serenade	Greenlight Serenade
ブレス・ユア・ブレス	Bless Your Breath
Jump for Joy
メルティランドナイトメア	Melty Land Nightmare
絶対にチョコミントを食べるアオイチャン	chocomint	Mint choco	Aoi	Aoi chan
だれかの心臓になれたなら	I want to be your heart
Catch the Wave
結んで開いて羅刹と骸	Close and Open Demons and the Dead	Musunde Hiraite Rasetsu to Mukuro	Hold, Release; Rakshasa and Carcasses
ダブルラリアット	Double Lariat
＊ハロー、プラネット。	*Hello, Planet.
magnet
幾望の月	Kibou no Tsuki
アカリがやってきたぞっ	Akari	Akari ga yattekitazou	Akari has Arrived
おねがいダーリン	ONEgai Darlin'	Onegai Darling
リンカーネイション	reincarnation
太陽系デスコ	Solar System Disco
ナンセンス文学	Nonsense Literature
ロスタイムメモリー	Lost Time Memory	Loss Time Memory
ヒバナ	HIBANA
命ばっかり	inochi bakkari	It's Just Life	Nothing But Life
テオ	Teo
ハイセンスナンセンス	High Sense Nonsense
デンパラダイム	Denparadigm
METEOR
ワールズエンド・ダンスホール	WORLD'S END DANCE HALL
39
メルト	Melt	meruto
カゲロウデイズ	Kagerou Days	Kagerou Daze
妄想感傷代償連盟	MKDR
サヨナラチェーンソー	Sayonara Chainsaw
Seyana. ～何でも言うことを聞いてくれるアカネチャン～	Seyana. ~AKANE's anything ok~	seyana
はやくそれになりたい！	I wanna be it!	Hayaku Soreni Naritai
ちがう!!!	CHIGAU!!!
雨とペトラ	Rain and Petra	Ame to Petra
ミリオン／ワンズ	Million Ones
輪廻転生
おちゃめ機能	ochamekinou
ブリキノダンス	BURIKI NO DANCE
フリィダム ロリィタ	Freedom Lolita
DAYBREAK FRONTLINE
バレリーコ	Balleriko	Ballerico	Ballerina Girl
シャルル	Charles
ロキ	ROKI	loki
初音ミクの激唱	The Intense Singing of Hatsune Miku	Gekishou	Intense Singing
ヒビカセ	Hibikase
ゴーストルール	Ghost Rule
厨病激発ボーイ	Young disease outburst Boy
放課後ストライド	Houkago Stride
StargazeR
頓珍漢の宴	Tonchinkan no en	tonchinkan
ドーナツホール	DONUT HOLE
マトリョシカ	MATRYOSHKA
ダンスロボットダンス	Dance Robot Dance
アルカリレットウセイ	Arukari Rettousei	alkali	Alkali rettousei
グラーヴェ	Grave
レトロマニア狂想曲	Retro Mania Kyousoukyoku	Retro Mania Rhapsody
キレキャリオン	Kire Kyari On
アンノウン・マザーグース	Unknown Mother-Goose
拝啓ドッペルゲンガー	DEAR DOPPELGANGER
フラジール	fragile
Absolunote
木彫り鯰と右肩ゾンビ	Kiborinamazu to Migikatazonbi
WAVE
アマツキツネ	Amatsukitsune
スイートマジック	Sweet Magic
Just Be Friends
炉心融解	Roshin Yukai	Meltdown
Fire◎Flower
卑怯戦隊うろたんだー	Hikyou Sentai Urotander	Coward Fighters Urotander	The Dirty and Unmanly Force Urotander	Urotander, Underhanded Rangers
Change me
エレクトロサチュレイタ	Electro Saturator
Palette
パーフェクト生命	Perfect Life
のぼれ！すすめ！高い塔	Nobore! Susume! Takaito
害虫	Gaichuu	Pest	Parasite	Vermin
砂の惑星 feat. HATSUNE MIKU	DUNE feat. Hatsune Miku	dune
アンハッピーリフレイン	Unhappy Refrain
すきなことだけでいいです	Suki na Koto Dake de Ii Desu	All I Need are Things I Like
デリヘル呼んだら君が来た	Deriheru	Deriheru Yondara Kimi ga Kita	When I Arranged For A Call Girl, You Appeared
チュルリラ・チュルリラ・ダッダッダ！	Chururira • Chururira • Daddadda!	chururira
だんだん早くなる	Getting Faster and Faster	dandan hayaku naru
ECHO
エイリアンエイリアン	Alien Alien
地球最後の告白を	Chikyuu Saigo no Kokuhaku wo	The Earth's Final Confession
虎視眈々	Koshitantan	Waiting for a Chance to Pounce
おこちゃま戦争	Okocyama Sensou	Okochama Sensou
桜ノ雨	Sakura no Ame	Rain of Cherry Blossoms	Rain of Cherry Blossom Petals	Sakura Rain
いーあるふぁんくらぶ	iarufanclub	1 2 Fanclub
人生リセットボタン	Life Reset Button
神曲	Kami Kyoku	God-Tier Tune
白い雪のプリンセスは	The Snow White Princess is
愛言葉	Ai Kotoba	Love Words	Love Password
鬼KYOKAN	Oni KYOKAN	Drill Sergeant
有頂天ビバーチェ	Uchouten Vivace	Ecstatic Vivace
幸せになれる隠しコマンドがあるらしい	Shiawase ni Nareru Kakushi Command ga Arurashii	shiawase	There's Supposed to Be a Cheat Code for Happiness	It Seems Like There's A Secret Command To Becoming Happy
インビジブル	Invisible
エンヴィキャットウォーク	Envy Cat Walk
アカツキアライヴァル	Akatsuki Arrival	Daybreak Arrival
ラクガキスト	Graffitist	Luckgakist
リモコン	Remocon	Remote Control
アウターサイエンス	Outer Science
シジョウノコエ VOCALO ver.	Shijou no Koe
ビバハピ	Viva Happy
Tell Your World
からくりピエロ	Karakuri Pierrot
深海少女	Deep-Sea Girl	Shinkai Shoujo
ロミオとシンデレラ	Romeo and Cinderella
初音ミクの消失	The Disappearance of Hatsune Miku	disappearance
みくみくにしてあげる♪【してやんよ】	I'll Miku-Miku You♪ (For Reals)
Hand in Hand
放課後革命	Houkago Kakumei	After-School Revolution
楽園ファンファーレ
ウミユリ海底譚	Umiyuri Kaiteitan	Umiyuri
アスノヨゾラ哨戒班	Night Sky Patrol of Tomorrow	Asu no Yozora Shoukaihan
天樂	Tengaku	Music of the Heavens
Crazy ∞ nighT
カミサマネジマキ	Kamisama Neji Maki	Wind-Up God
チルドレンレコード	Children Record
如月アテンション	Kisaragi Attention
夜咄ディセイブ	Yobanashi Deceive	Yobanashi
恋愛裁判	Love Trial
このふざけた素晴らしき世界は、僕の為にある	This Messed-Up Wonderful World Exists For Me
Mr. Wonderland
星屑ユートピア	Hoshikuzu Utopia	Stardust Utopia
いろは唄	Iroha Uta	Iroha Song
愛迷エレジー	Aimai Elegy
ユクエシレズ	Yukue Shirezu	Whereabouts Unknown
ぼくらの16bit戦争	Bokura no 16bit Wars	Our 16bit Wars	16bit wars
すろぉもぉしょん	SLoWMoTIoN
裏表ラバーズ	Uraomote Lovers
ネトゲ廃人シュプレヒコール	The MMORPG Addict's Anthem	Netoge	Net game
脳漿炸裂ガール	nou shou sakuretsu girl	noushou	Brain Fluid Explosion Girl
FREELY TOMORROW
ギガンティックO.T.N	Gigantic O.T.N
シリョクケンサ	Shiryoku Kensa	Eye Examination
イカサマライフゲイム	Ikasama Life Game	Ikasama
セツナトリップ	Setsuna Trip
六兆年と一夜物語	Six Trillion Years and Overnight Story	six trillion	Six trillion nights	Rokuchou nen
Sweet Devil
天ノ弱	amanojaku
ストリーミングハート	Streaming Heart
一触即発☆禅ガール	Isshoku Sokuhatsu☆Zen Girl	Dangerous Situation☆Zen Girl	Simmering ZEN Girl
ODDS&ENDS
千本桜	Senbon Zakura	Thousands of Cherry Trees	Thousand Cherry Blossoms
腐れ外道とチョコレゐト	Kusare gedou to chocolate	kusare gedou
M.S.S.Planet
タイガーランペイジ	Tiger Rampage
ロストワンの号哭	The Lamentations of the Lost Ones	Lost one	Lost one's weeping	Lost ones
Get the star for you [DJ Command Remix]	Get the star for you
Music Evolution
ハウリング	Howling
寡黙なるフォール
みずいろレインドロップ
無間嫉妬劇場『666』
回転 feat.あやぽんず＊
SOUL 2 DIVIDE
Cinderella Story [BlackY Remix]
妖々跋扈　～ Who done it！！！
宵闇の月に抱かれて
ルナティックレッドアイズ	Lunatic Red Eyes
#FairyJoke
ナイト・オブ・ナイツ (かめりあ’s“ワンス・アポン・ア・ナイト”Remix)	Night of Knights Camellia	Knight of Nights Camellia	nok camellia	kon Camellia
Bad Apple!! feat.nomico (REDALiCE Remix)	Bad Apple Redalice Remix	Bad Apple Redalice
No Life Queen [DJ Command Remix]	No Life Queen
Little "Sister" Bitch
キャプテン・ムラサのケツアンカー	Captain Murasa's Ketsu Anchor	Captain Murasa
ホイホイ☆幻想ホロイズム
ロストワードクロニカル	Lost Word Chronicle	Lost Word Chronicles
Yakumo >>JOINT STRUGGLE (2019 Update)	yakumo	Yakumo joint striggle
全力ハッピーライフ	Zenryoku Happy Life	Full Power Happy Life
明星ロケット	Akeboshi Rocket
神々が恋した幻想郷	Eastern Cross
ふぃーばー	Fever
Earthquake Super Shock
はたてのバッコイ殺人事件
ポーカーフェイス	Pokerface
Wizdomiot
疾走あんさんぶる	Sissou Ensemble	Sissou
しゅわスパ大作戦☆	ShuwaSupa Daisakusen
LOVE EAST
ナイト・オブ・ナイツ (USAO Remix)	Night of Knights USAO	Knight of Nights USAO	nok usao	kon usao
Energy Booster ～ 上海紅茶館
7 days a week
メイドと血の懐中時計
ARROW RAIN feat. Ayame	ARROW RAIN
悪戯センセーション	Mischievous Sensation
Sweet Requiem
レータイスパークEx
Pump!n	Pumpin
Endless Seeker
STRIPES feat. EL.J (2018 reinterpretation)	STRIPES
Cosmic Magic Shooter
神楽
Bad Apple!! feat.nomico (Nhato Remix)	Bad Apple Nhato	Bad Apple Nhato Remix
進捗どうですか？	Shinchoku Doudesuka?
最終鬼畜妹フランドール・S	Last Brutal Sister Flandre S
Doll Judgment
お嫁にしなさいっ！	Oyome ni Shinasai!
待チ人ハ来ズ。	machibitohakozu
星の器～STAR OF ANDROMEDA
Worlds End
あうんどばいみー
White Traveling Girl
ゴールドビジョン	Gold Vision
トランスダンスアナーキー	Trance Dance Anarchy
【東方ニコカラ】秘神マターラ feat.魂音泉【IOSYS】	[Toho nicokara]Secret God Matara feat.TAMAONSEN[IOSYS]	Secret God matara
ウサテイ	USATEI
地獄の端にて君を待つ
聖少女サクリファイス
究極焼肉レストラン！お燐の地獄亭！	Yakiniku Restaurant! Orin’s Jigokutei!	Yakiniku Restaurant
WARNING!
Paranoia
ナイト・オブ・ナイツ (Cranky Remix)	Night of Knights cranky remix	Knight of nights cranky remix	nok cranky	kon cranky
Grip & Break down !!	Grip and Break Down
チルノおかんのさいきょう☆バイブスごはん
つるぺったん	Tsuru Pettan
Scream out! -CHUNITHM Tuning-	Scream Out
Floating Darkness
Spring of Dreams
星色夜空
物凄い勢いでけーねが物凄いうた	Monosugoi Ikioide Ke-ne
きゅうりバーにダイブ
WARNING×WARNING×WARNING
サドマミホリック	SadoMamiHolic	Sadomami
ゆけむり魂温泉 II
色は匂へど散りぬるを	Iro Ha Nioedo Chirinuruwo
Melody！
天狗の落とし文 feat. ｙｔｒ	Tengu No Otoshibumi feat. Ytr	Tengu no Otoshibumi
風に乗せた願い
Last Moments
ケロ⑨destiny	KERO⑨destiny
チルノのパーフェクトさんすう教室　⑨周年バージョン	Cirno's Perfect Math Class ⑨ver	cirno's Perfect Math Class 9 ver	Cirno Anniversary	Cirno 9	cirno ⑨	⑨
華鳥風月	Kachoufugetsu
儚きもの人間	Hakanakimono Ningen
Calamity Fortune
taboo tears you up	taboo
キュアリアス光吉古牌　－祭－
Help me, ERINNNNNN!! -Cranky remix-
仙酌絶唱のファンタジア
幽闇に目醒めしは	Anything which was awakened to phantom-dusk
Starlight Vision
Club Ibuki in Break All	club ibuki	ibuki
Phantasm Brigade
永遠のメロディ	Eternal Melody
泡沫、哀のまほろば	Utakata, Ai No Mahoroba
愛き夜道 feat. ランコ、雨天決行
Starlight Dance Floor
Witches night
ってゐ！　～えいえんてゐVer～
患部で止まってすぐ溶ける～狂気の優曇華院	Kanbu de Tomatte Sugu Tokeru	Kanbu	Overdrive
No Routine
ひれ伏せ愚民どもっ！	Hirefuse Gumin-domo!
エテルニタス・ルドロジー	~AETERNITAS LUDOLOGY~	eternitas ludology
Imperishable Night 2006 (2016 Refine)	Imperishable Night 2006	Imperishable Night
月に叢雲華に風	Tsuki Ni Murakumo Hana Ni Kaze
幻想のサテライト	gensounosateraito	Gensou no Satelite	Satelite	Gensou
橙の幻想郷音頭	Chen No Gensoukyo Ondo
東方妖々夢 ～the maximum moving about～	toho yoyomu -the maximum moving about-	the maximum moving about
蒼空に舞え、墨染の桜	Soranimae Sumizomenosakura
少女幻葬戦慄曲　～　Necro Fantasia
Jimang Shot
エピクロスの虹はもう見えない	Epikouros no niji wa mou mienai
Yet Another ”drizzly rain”
四次元跳躍機関	Four-Dimensional Warp Device
緋色のDance	Hiiro no DANCE
最終鬼畜妹・一部声	Saishuu kichiku imouto ichibu koe
Bad Apple!! feat.nomico	Bad Apple
ナイト・オブ・ナイツ	Night of Knights / Knight of Nights	Night of Knights	Knight of Nights	nok	kon
魔理沙は大変なものを盗んでいきました	Marisa Stole the Precious Thing
Help me, ERINNNNNN!!	Help Me ERIN
sweet little sister
チルノのパーフェクトさんすう教室	Cirno's Perfect Math Class	Cirno
Dreaming
Unlimited Spark!
FLOWER
ちくわパフェだよ☆CKP	Chikuwa Parfait dayo
Elemental Creation
アルストロメリア	Alstromeria
凛として咲く花の如く	Rin to shite saku hana no gotoku
Evans
ピアノ協奏曲第１番”蠍火”	Piano kyousoukyoku dai 1 ban "Sasoribi"	Sasoribi
ENDYMION
8OROCHI
ミュージック・リボルバー	Music Revolver
LINK LINK FEVER!!!
DX超性能フルメタル少女	DX Choseinou Full Metal Shoujo	DX Choseinou Full Metal Shojo	Choseinou
SKYSCRAPER
Lemegeton -little key of solomon-	Lemegeton
BUCHiGiRE Berserker	Buchigire
Crimson Phoenix
DAZZLING♡SEASON
Satellite System ft.Diana Chiaki	Satellite System
Blue Noise
JET
XL TECHNO
XL TECHNO -More Dance Remix-	xl techno more dance
PRIVATE SERVICE
FLOATED CALM
Finite
Fracture Ray
Axium Crisis
Grievous Lady	gl
Auxesia
Cyaegha
Arcahv
AttraqtiA
CHAOS
BlythE
Super Lovely (Heavenly Remix)	Super Lovely
Ladymade Star
Memory of Beach
SON OF SUN
SINister Evolution
神威	KAMUI
A Site De La Rue
]-[|/34<#!	hibachi
MEGALOVANIA
Brain Power
Sound Chimera
インドア系ならトラックメイカー	Indoor kei nara Trackmaker	Trackmaker
Blackmagik Blazing
董卓討つべし
BATTLE NO.1	bn1
ベースラインやってる？笑	bassline	baseline	Can I friend you on Bassbook	Can I friend you on Bassbook? lol	bassbook	Bassline Yatteru
REDRAVE
BLUE ZONE
セイクリッド　ルイン	Sacred Ruin
極圏	KYOKUKEN
Scarlet Lance
Taiko Drum Monster
GERBERA
ouroboros -twin stroke of the end-	ouroboros
L9
Altale
Aragami
B.B.K.K.B.K.K.
The Formula
HAELEQUIN (Original Remaster)	HAELEQUIN
Äventyr	Aventyr
Vallista
conflict
elegante
Halcyon
Jack-the-Ripper◆
DRAGONLADY
FREEDOM DiVE	fd
Lapis
SAMBISTA
Air
DataErr0r	DataError
Say A Vengeance
10
ERIS -Legend of Gaidelia-	ERIS
Angel dust
Dreadnought
STAGER
Her Majesty
Sakura Fubuki
Kronos
JULIAN
Strahv
風仁雷仁
★LittlE HearTs★
GOODTEK
Name of oath
Bird Sprite
Dengeki Tube
ETERNAL DRAIN
G e n g a o z o
Doppelganger
AVALON
La Flesvelka
volcanic
Nhelv
PUPA
Parousia
Papyrus
Black Lair
End Time
CO5M1C R4ILR0AD	cosmic railroad
Funny Funky Freaky
Pure Ruby
ZEUS
水晶世界 ～Fracture～
Pangaea
Destr0yer	Destroyer
R.I.P.
Black Lotus
AXION
チョウの標本
音弾超人ゴリライザー
Giselle
7 colors*
Life is PIANO
Jade Star
Ascension to Heaven
felys -final remix-	felys
MARENOL
小悪魔の遊園地
クロートーと星の観測者	Clotho and the stargazer
真千年女王
Love & Justice
花たちに希望を	Hope for the Flowers
NightTheater
Akasagarbha -reincarnate-	Akasagarbha
88D
カラッポ・ノンフィクション	Karappo Nonfiction
Tuk Tuk Boshi
プナイプナイたいそう	Punai Punai Taisou
J219
竹	Take	Bamboo
Re：End of a Dream	Re:End
Reach for the Stars	rfts
The Concept of Love	concept of love
檄!帝国華撃団	GEKI ! TEIKOKUKAGEKIDAN
In The Blue Sky '01	In The Blue Sky
Dreams Dreams:Kids Ver.	Dreams Dreams
STAIRWAY TO GENERATION
Through The Tower
レッツゴー!陰陽師	Let's go! Onmyoji	Onmyoji
Burning Hearts ～炎のANGEL～	Angels with Burning Hearts	Burning Hearts	Burning Angel
むしとりのうた	Mushitorino Uta
Candyland Symphony
Chocolate Happy
オモイヨシノ	Omoiyoshino
Blooming Villain (ATLUS Konishi Remix)	Blooming Villain
GROOVY
Mass Destruction ("P3" + "P3F" ver.)	Mass Destruction
全ての人の魂の戦い (Daisuke Asakura Remix)
Outlaw's Lullaby	outlaw
The Pursuit of Speed
御旗のもとに	Mihata no motoni
Be A Shooter！～NORMAL BIG BONUS～	Be A Shooter
檄！帝国華撃団＜新章＞
ぷよぷよのうた ピコピコミックス	Puyopuyo no Uta PicoPico Music
Change Our MIRAI！
Change Our MIRAI！ (Our 7 Lights)
無敵We are one!!	MUTEKI We are one!!	muteki	We are one
ドキドキDREAM!!!	DOKIDOKI DREAM!!!
Still
Session High⤴
管弦楽組曲 第3番 ニ長調「第2曲（G線上のアリア）」BWV.1068-2	aria on g	air on g	air on the g string	aria on the g string
Shout Our Evidence!
君と、この瞬間
Everything For A Reason
召しませ！Rock'n Roll Party
Starting Over
色彩過剰のダイアリーミュージック
Agitation！
START
Road without Road
なんかノイズにきこえる
正体判明ネームレスガール
アイジャストロック
ケ・セラ・セラ奇想曲	Que Sera Sera
Blueprint
コトバウタ	Kotoba Uta
We Are Us
Limits
Forever and…
brilliant better
フォルテシモBELL	FORTISSIMO BELL
私の中の幻想的世界観及びその顕現を想起させたある現実での出来事に関する一考察	long song	long	A consideration of the fantastic world view in me and the events in a certain reality that reminded me of its manifestation
DETARAME ROCK&ROLL THEORY	detarame
ハート・ビート	heart・beat
猛進ソリストライフ！	Mo-shin Soliste Life!	soliste
My Dearest Song
Bang Babang Bang!!!
Tic Tac DREAMIN’
TRUST
猫祭り	Neko Matsuri
SPICY SWINGY STYLE
プリズム	Prism
ポルカドット	Polka Dot
イロトリドリのメロディ	Irotoridori no melody
-OutsideR:RequieM-
Very! Merry!! Session!!!
奏者はただ背中と提琴で語るのみ	Sosya ha tada senaka to violin de katarunomi
クレッシェンド・ストーリー	Crescendo Story
Ever green Never end
一世嬉遊曲‐ディヴェルティメント‐	Divertimento
オーケー？　オーライ！	Okay Alright	Ok Alright
サヨナラフリーウェイ	Sayonara Freeway
単一指向性オーバーブルーム	Unidirectional Overbloom	Overbloom
みなえをチェック！	Minae wo Check
Jack the GAME
MELtin' 17
Over Heart
Black'n White JAMMIN' CATS
ライトスピード・デイズ	Lightspeed Days
Fire me up
やらなきゃいけないことばかり
Day by Day CRiSiS Songs
アフタースクール・エモーション	After School Emotion
Get a Life！
NewStartでReadyGo!
Help me, あーりん！	Help me arin
なるとなぎのパーフェクトロックンロール教室	Naru nagi	Naru and Nagi	Naru to Nagi's Perfect Rock and Roll Class
あねぺったん	Ane pettan
イロドリミドリ杯花映塚全一決定戦公式テーマソング『ウソテイ』	Usotei
ＧＯ！ＧＯ！ラブリズム♥ ～あーりん書類審査通過記念Ver.～	Go Go Love Rhythm Irodori
夢と夢～あの日のメロディ～	Yume to Yume
ここで一席！　Oshama Scramble!	Oshama Scramble Irodori
The wheel to the Night ～インド人が夢に!?～
光線チューニング ～なずな妄想海フェスイメージトレーニングVer.～	Ray Tuning Irodori
燃えてもエンジョイ！宛城、炎上！！	Enjo Enjo Irodori
conflict(斉唱)	conflict Irodori
紅き魔汁、闇より降りて天啓の響きを導く
エンドマークに希望と涙を添えて ～イロドリミドリアレンジ～	Endmark Irodori
SUPER RESULT BEAT vol.1
Kattobi舞高Riders	Kattobi Irodori
CAT'S EYE
恋はりんりん☆あーりんベル
舞高最強ドリームセッション!!!!! ～180秒一曲勝負～
僕らのFreedom DiVE↓	Fd Irodori	Freedom Dive Irodori
言ノ葉カルマ	kotonoha karma
言ノ葉遊戯	KOTONOHA Yu-Gi
洗脳	Sennou
空威張りビヘイビア	brash behavior
天国と地獄 -言ノ葉リンネ-	tengokutojigokukotonoharinne
悪戯	Itazura
りばーぶ	Reverb
Barbed Eye
分からない	Wakaranai
相思創愛	soushisouai
咲キ誇レ常世ノ華	Sakihokore Tokoyo No Hana
Secret Sleuth
BLACK ROSE
ヤミツキ	Yamitsuki
Garakuta Doll Play	gdp	garakuta	garakuta doll
Like the Wind [Reborn]	Like The Wind
AMAZING MIGHTYYYY!!!!	amz	amemai	mighty	amazing mighty
VERTeX
Hyper Active
L'épilogue	Lepilogue
D✪N’T ST✪P R✪CKIN’ ～[✪_✪] MIX～	Don't Stop Rockin	Don't Stop Rocking
Caliburne ～Story of the Legendary sword～	caliburne	cali
ねぇ、壊れタ人形ハ何処へ棄テらレるノ？	Doll wAndeRing iN tHe NighTmARe	doll wandering	Ne Kowaretaningyoha Dokohe Suterareruno
larva
CITRUS MONSTER	citrus
CYCLES
高気圧ねこロック	Anticyclone Cat Rock	anticyclone	Koukiatsu Rock	Koukiatsu Neko Rock
FEEL the BEATS
夢花火	YumeHANABI
Excalibur ～Revived resolution～	excalibur	excal	exca
Oshama Scramble!	oshama
Alea jacta est!	alea
ここからはじまるプロローグ。	kokokara hajimaru prologue	Prologue	The prologue that starts from here.	Kokokara Hajimeru Prologue
福宿音屋魂音泉	Fukujuku Otoya Tamaonsen	Tamaonsen	Fukuyadootoya Tamaonsen
アポカリプスに反逆の焔を焚べろ	Apocalypse	Apocalypse Rebellion	Burn the flame of rebellion on the apocalypse	Apokaripusu ni Hangyaku no Hono wo Kubero
封焔の135秒	135	135 seconds of flame	135 seconds	Fuen no Hyakusanjugobyo
天火明命	Amenohoakari	tenkameimei
the EmpErroR	emperror	emp
Blows Up Everything	bue	Blows Up
Technicians High
花と、雪と、ドラムンベース。	Flower, snow and Drum'n'bass.	fsd	fsdnb	Hana to Yuki to Drumn Bass	flower snow
Valsqotch	valsq
とびだせ！TO THE COSMIC!!	tobidase	tobidase to the cosmic	to the cosmic
星めぐり、果ての君へ。	Hoshimeguri	Hoshimeguri Hateno Kimihe
モ°ルモ°ル	molmol	morumoru	Modoru Modoru
蒼穹舞楽	Soukyu Bugaku	Yukyu Buraku
Komplexe
HERA
STARTLINER
最強 the サマータイム!!!!!	saikyo the summertime	saikyou the summertime
Iudicium “Apocalypsis Mix”
Perfect Shining!!
みんな Happy!!	Minna Happy
Zest of Blue
Here We Go
P！P！P！P！がおー!!	P P P P Gao
タテマエと本心の大乱闘	tateyama	dairantou
GAME IS LIFE
GranFatalité	GranFatalite
SWEET SHAKE!!
What color...
UTAKATA
Rule the World!!
どうぶつ☆パラダイス	Doubutsu Paradise	Animal Paradise
まっすぐ→→→ストリーム!	Massugu Stream
トリドリ⇒モリモリ! Lovely fruits☆
夜明けのストリング
Ai Nov
Everlasting Today
YURUSHITE
Opfer
MEGATON BLAST
Viyella's Tears	viyella
Good bye, Merry-Go-Round.	merry go round
Don't Fight The Music	dftm	donfai
脳天直撃	Nouten	Nouten Chokugeki	egg	ongeki egg
Radiance
Baqeela
Titania
A Man In The Mirror
Last Kingdom
GEMINI -C-
Contrapasso -inferno-	contrapasso
Xevel
otorii INNOVATED -[i]3-	otorii	otorii innovated
とーきょー全域★アキハバラ？ (ver.にこる)
神威 (NAOKI × ZPP MIX)	kamui naoki	kamui naoki zpp	kamui naoki zpp mix
Jörqer	Jorqer
Paqqin (tpz Despair Remix)
ANU	anus
赤壁、大炎上！！
POTENTIAL
Invitation
ＧＯ！ＧＯ！ラブリズム♥	Go Go Love Rhythm
Theme of SeelischTact	SeelischTact
Infantoon Fantasy
Counselor
Guilty
幾四音-Ixion-	IKUSHION -Ixion-	Ixion
Grab your sword
My First Phone	mfp
今ぞ♡崇め奉れ☆オマエらよ！！～姫の秘メタル渇望～	Imazo Agametatematsure Omaerayo!! -Himenohimetarukatsubo-
Anemone
リリーシア	Lilithia	lilysia
砂漠のハンティングガール♡	Sabaku no Hunting Girl
昵懇レファレンス	Jikkon Reference
Teriqma
After the rain
The ether
We Gonna Journey
overcome
Memories of Sun and Moon
luna blu
閃鋼のブリューナク	Brionac of Steel-flash	brionac	senkou	Senko no Brionac	Senko no Buryunaku
Gate of Fate
こころここから	Kokoro Kokokara
The wheel to the right
Alma
STAR
Tango Rouge
Gustav Battle
怒槌	Ikazuchi	Rage
夕暮れワンルーム	Yugure One Room
乗り切れ受験ウォーズ	Norikire Juken Wars
stella=steLLa
とーきょー全域★アキハバラ？	Tokyozeniki akihabara?
エンドマークに希望と涙を添えて	End Mark ni Kibou to Namida wo soete	Endmark
SNIPE WHOLE
MUSIC PЯAYER	MUSIC PRAYER
Cyberozar
Genesis
名も無い鳥	Namonaitori
L'épisode	Lepisode
GOLDEN RULE
宛城、炎上！！	enjo	enjyo	enjo enjo	enjyo enjyo	enjou enjou
その群青が愛しかったようだった	Sono gunjo	It seemed that the ultramarine was loved	Sono Gunjo ga Itoshikattayouda
心象蜃気楼	Imagined Mirage	Shinsyo Shinkiro
ケモノガル	Kemono Girl	Kemonogal
後夜祭	Kouyasai
Tuning Rangers
First Twinkle
明るい未来	Akarui Mirai	Bright Future
Philosopher
Schrecklicher Aufstand	Schrecklicher	Aufstand
ロボットプラネットユートピア	Robot Planet Utopia
Oshama Scramble! (Cranky Remix)
Hyperion
Paqqin
紅華刑	Kurenai Kakei
Tidal Wave
サウンドプレイヤー	Sound Prayer	Sound Player
D.E.A.D.L.Y.
ウソラセラ	Usorasera
BOKUTO
玩具狂奏曲 -終焉-	Toy Frenzy -The end-	Toy Frenzy	Toy Madness	Toy Rhapsody	Gangukyousoukyoku -Shuen-
RevolutionGame
最愛テトラグラマトン	Saiai Tetoraguramaton	Saiai Tetragrammaton	Tetragrammaton
札付きのワル　～マイケルのうた～	Fudatuki no Waru ~Michael no Uta~
We Gonna Party -Feline Groove Mix-
ゲシュタルト！テスト期間！！	Gestalt Test Period
おまかせ！！トラブルメイ娘☆とれびちゃん	Omakase Troublemeiko Torebichan
願い星	Negaiboshi
オススメ☆♂♀☆でぃすとぴあ	Osusume Osu Mesu Dystopia
響	Hibiki
Warcry
覚醒楽奏メタフィクション	Kakusei Gakusou Metafiction
ドライヴ・オン・ザ・レインボー	Drive on the Rainbow
Supersonic Generation
Devastating Blaster
TiamaT:F minor	tiamat
混沌を越えし我らが神聖なる調律主を讃えよ	Konton	kontol	Kontonwokoeshi Wareraga Shinseirau Tyoritsushi wo Tataeyo
光線チューニング	Ray Tuning	Rays Tuning
哀しみ集め	Kanashimi Atsume
キラメケ→Shoot it Now!	Kirameke Shoot it Now
トリスメギストス	Trismegistos	Trismegistus
PinqPiq
立川浄穢捕物帳	Tachikawa Jyosei Catch Book	Tachikawa	Tachikawajo Torimonocho
WE GOTTA SOUL
眠れぬ夜君を想フ	Nemurenuyoru Kimiwoomou
JIGOKU STATION CENTRAL GATE
Kattobi KEIKYU Rider	kattobi
Glorious Crown (tpz over-Over-OVERCUTE REMIX)	gc
Wake up Dreamer
Twice up Scenery
World Vanquisher	wv
Iudicium	ludicium
La Baguette Magique
EXECUTOR
bubble attack
Rendezvous
時の冒険者	Toki no Boukensya	Adventurer of Time
BlazinG AIR
The Darkness of Valhalla
Sparking Revolver
Gate of Doom
popcorn
Pastel Party
はちみつアドベンチャー	Hachimitsu Adventure	Honey Adventure
CHOCOLATE BOMB!!!!
Twilight
Sentimental Snow
サンシャインサマー☆夏期講習	Sunshine Summer Kakikoshu
NYAN-NYA, More! ラブシャイン、Chu♥	NYAN-NYA, More! Love Shine, Chu
Dual Fractal
Drivessover
Surveiller et punir
macrocosmos
業 -善なる神とこの世の悪について-	Gou	Karma	Misdeed	Karma-zennarukamitokonoyonoakunitsuite
朝焼けプラットホーム	Sunrise Platform
PAST
Blessed
FRIDAY FRIDAY
足立オウフwwww	Adachioufu	Adachioufu wwww	wwww
Seagull
Blaster Heaven
ハートアタック	Heart Attack
Summer is over
folern
2DVenture	TwoDVenture
ぜったい！昇天★鎮魂歌♂	Zettai! Shoten Requiem
StufeStern
夕焼けのRed Parade	Yuyake no Red Parade
スピカの天秤	Spica's Scales	Scales of Spica	Spica's Libra	Spica no Tenbin
涙色メモリア	Tear Color Memoria
Magic
男装女形表裏一体発狂小娘の詐称疑惑と苦悩と情熱。	Danso Oyama Hyouriitai Hakkyoukomusume Sasyougiwaku to Kunou to Jonetsu
コモリの怪物	Komori no Kaibutsu
中学2年生のアンドロイド	Tyagaku Ninennsei no Android	Chuni Android
Life
Innocent Truth
Solstånd	Solstand
Sqlupp
Climax
エンジェデビ	Angel Devil
Servant of Love
アイリちゃんは暗黒魔導士!	Airichan ha Ankokumadoshi	Airi chan is a Black Magician
電光石火	Denko Sekka	Quick Attack
strelitzia
恋のチャイム	Koi no Chime	Chime of Love
逃げろ！サテライトキャンパス！！	Run away! Satellite campus!!	Nigero! Satellite Campus!!
THE BRASS OF GOODSPEED!!
Vibrant Verve
暗晦にハイライト	Ankai ni Highlight
8-EM	ATM	EIGHT-EM
Killing Rhythm
ユメキキョウ	Yume Kikyou	Yumekikyo
Black Swan Lake
GIGA DRIVE
Rebellion
サヴァイバル・キリング・メーカー	Survival Killing Maker
ツクヨミステップ	Tsukuyomi Step
ハジマリノピアノ	Hajimari no Piano
【冒険】イングリット葛西降臨！【実況】	Adventure Ingrid Kasakourin! Ingrid	BOUKEN INGLIT KASAIKOURIN ZIKKYOU
レーイレーイ	re-i re-i
Surrogate Life
Nijirate Fanatics
Lover's Trick
まごころのカスクルゥト	Magokoro no Kasukuluto
absolute rightness
せかいせいふく！ゆりあちゃん！	Sekaiseifuku! Yuriachan!
Trackless wilderness
Walzer für das Nichts	Walzer fur das Nichts	Walzer
《混乱》 ～ Muspell
《理想》 ～ Cloudland
《逃避》 ～ The Deserter
《最愛》 ～ Curse
《運命》 ～ Ray of Hope
ヴンダーカンマー	Wunderkammer	VUNDAKANMA
Destination
Fidget Dancer
Megameteor
Trrricksters!!	Trickster	Tricksters	Trricksters	Trrrricksters
Ghost Dance
モノクロトワイライト	Monochrome Twilight	Monochro Twilight
シャッキーーン！！	Shocking	Sha-ki-n
《破滅》 ～ Rhapsody for The End
ロング・スロー・アライブ	Long Slow Alive
迷える薔薇に終わらぬ夜を	MAYOERU BARA NI OWARANU YORUWO
パームカルマ	Palm Karuma	Palm Karma
Therapeutic Hoedown
ちゅんちゅちゅチューン	Chunchuchuchun	Tyuntyutyutyu-n
ドルオタ忍道！楠子ノ巻	Doruotanindo! Nankonomaki
エキセントリックコンコン	Eccentric Kon Kon
大天使ユリア★降臨!	Daitenshi Yuria Advent
U ARE
ハードコア・シンドローム	Hardcore Syndrome
Hainuwele
宿星審判	Shukusei	Shukusei Shinpan	Syukusei Shinpan
The Metaverse -First story of the SeelischTact-	Metaverse
テリトリーバトル	Territory Battle
ROAD TO DREAM
Hey Yeah!!
絶対トキメキデリバリー	Zettai Tokimeki Delivery
Yume no hajimari
B100d Hunter	Blood Hunter
Last Celebration
宙の隣	Sora no Tonari
Just You
Insane Gamemode
Parad'ox
《狂乱》 ～ Cataclysm
《投影》 ～ Oh My Baby Doll
《信仰》 ～ Eudaimonia
《選別》 ～ Refuge
《本能》 ～ ReCoda
レイニーカラー・ウォーターカラー	Rainy color Water color
おいでよ！ 高須らいむランド	Oideyo Takasu Limeland
Charlatan
萌豚♥功夫♥大乱舞	Moebuta Kunfu Dairanto
つっぱれ！にゃんきー魂	Tuppare Nyanki-Damasii
C & B
Blazing:Storm
ハルシナイト	Harushi Night
Dark Diver
Tattoo
呪歌-JyuKa-
再生不能	Saisei Funou	Unrecoverable
自分勝手Dazzling	Jibunkatte Dazzling
Utopithm
妖怪ですから	YOUKAI DESUKARA
Glory Days
Spiral Fortune
月詠に鳴る	Tukuyomi ni Naru
Blessed Rain
Elemental Ethnic
TECHNOPOLIS 2085
X7124	EXTRA	XTRA
祈 -我ら神祖と共に歩む者なり-	Inori	Prayer	Inori -Warera Shinso to Tomoni Ayumu Mononari-
コスモポップファンクラブ	Cosmo Pop Fan Club	cpfc
ピュグマリオンの咒文	Pygmalion's Spell	Hex of Pygmalion	pygmalion
Ring
Echoes
Pre Paid Pog Punk Panic
IMPACT
夢路拍子
Blazing Break
Athlete Killer "Meteor"
雪男	Yuki Otoko
人生攻略☆Tips
STAR IN THE WORLD
Crack
DDDD
創世のコンツェルティーナ
Super Kitsch Mode
Fantasm
[CRYSTAL_ACCESS]
UltraNeon
蜘蛛の糸	Spiderweb	Spider's Web	spider's thread
《自戒》 ～ Paganelope
《紀律》 ～ As One
《種子》 ～ Set You Free
《偏愛》 ～ Shattered Memories
Qliphothgear
SQUAD-Phvntom-
parvorbital
Inpaqq
Strange Love
タイムカプセル	Time Capsule
Give me Love♡
パズルリボン	Puzzle Ribbon
Be4Step
Everlasting Liberty
愛のシンギュラリティ	Ai no Singularity
アナタニナルノ	Anata ni Naruno	with you
I'll make you Super Rock Star
Reverberate
Breakthrough
Scythe of Death
【3Dサウンド】小野ちゃんが真夏のビーチでスイカを叩き割る話【イヤホン推奨】
コーチンズカップ・クラシック
なるがちゃんなぎにいよいよえれー目にあわされる話
Starlight Disco
GEMINI -M-
Title
Garakuta Doll Play (sasakure.UK clutter remix)	gdp sasakure
3倍！Sun Shine！カーニバル！
地獄屋八丁荒らし
ハッピーエンドをはじめから
過去を喰らう
失礼しますが、RIP♡
Splash Dance!!
帰り道
QZKago Requiem	qzkago	qz	qzingo
#SUP3RORBITAL	superorbital
WE'RE BACK!!
Brightness
Λzure Vixen	azure vixen
僕の戦争    boku no sensou  my war
ポケットからぬりつぶせ！
Y.Y.Y.計画!!!!
最っ高のエンタメだ!!
GODLINESS
AstrøNotes.	astronotes
ホーリーサンバランド	holy sambaland
MALKUTH -The Last Ruler of Terrestrials-	malkuth
DA'AT -The First Seeker of Souls-	daat
キルミーのベイベー！
Rumbling hearts
非実在系女子達はどうすりゃいいですか？
恋ひ恋ふ縁
Transcend Lights
多重未来のカルテット -Quartet Theme-
Starduster
崩壊歌姫 -disruptive diva-
マージナル
ぽっぴっぽー
The secret garden
Aleph-0
1
Before I Rise
ミックスナッツ	Mixed Nuts
阿修羅ちゃん	Ashura-chan
なにやってもうまくいかない	Nothing's Working Out
ユメヲカケル！	Yume Wo Kakeru
いただきバベル (Prod. ケンモチヒデフミ)	Itadaki Babel
キュートなカノジョ	Cute na Kanojo
神っぽいな	God-ish
トンデモワンダーズ	TONDEMO-WONDERZ	TONDEMO-WONDERS
スカーレット警察のゲットーパトロール24時	Funky	Scarlet Police	Scarlet Police on Ghetto Patrol	Ghetto Patrol
I'm so Happy
Random
超Rock The Party	Cho Rock The Party
アンビバレンス	Ambivalence
TEmPTaTiON
Falsum Atlantis.	falsum
ミラージュ・フレイグランス	Mirage Frangrance
インパアフェクシオン・ホワイトガアル	Imperfection White Girl
Ignition
推してもダメならひいてみな！
ガチ恋ラビリンス	Gachi Koi Labyrinth
CELERITAS
グラウンドスライダー協奏曲第一番「風唄」	Ground Slider
Crawler / Flyer
Re:Credits
Cheat Sheet
One Room Sky
Girl's Party Planet!
Burn My Soul
Revived
デザイアシューティング	Desire Shooting
Mami Mami Zone
Armageddon
田中	Tanaka
レッド・ルーラー	Red Ruler
INSIDE IDENTITY
Van!shment Th!s World	Vanishment This World
がんばれ！蜘蛛子さんのテーマ
新世界スターター	Shinsekai Starter
Viyella's Scream
Desperado Waltz
4月1日でございました
ヒストリー×ブレイカー	History Breaker
Let you DIVE!
Knight Rider
ADAM
Exitium
eden
GRÄNDIR	GRANDIR
アイ情劣等生
アイロニック	Ironic
孤独毒毒
スティールユー
マチガイサガシ
Advance（CHUNITHM edit）	Advance
任せてJC陰陽師☆八雲ちゃん
†大闘士＝クライン・フォーゲル・シュピール＝えりか†
Fallin' Darlin' Rollin'
恋するみたいに☆かませレッドヘルズ
Ruler Count, Zero
シンデレラ	Cinderella
アニマル	Animal
パラサイト	Parasite
きゅうくらりん	Kyuukurarin
生きる	Ikiru
MAIGAHARA パンチラインキッカーズ
エータ・ベータ・イータ	Eta Beta Ita	Eta Beta Eater	Eta Beta Eta	EBE
irony
お空のニュークリアフュージョン道場
全人類ノ非想天則	Zen-Jinrui no Hisoutensoku
三妖精SAY YA!!!	sanyousei
絆はずっとGrowing Up!!!
ステラ	Stella
Ready Steady
群青讃歌	Gunjo Sanka
キャットラビング
マーシャル・マキシマイザー	Marshall Maximizer
痛快リズムアクション「B.B.K.K.B.K.K.」
アマツカミ
盟月
Bitter Juicy
Disruptor Array
Daphnis
No Limit RED Force
U&iVERSE -銀河鸞翔-	u&i	universe	u&iverse
RELOAD
To：Be Continued	tbc
アマカミサマ	Amakamisama
だじゃれくりえぃしょん
ワールドイズマイン	World is Mine
フューチャー・イヴ	Future Eve
Magic Rock'n Roll Maker
FLUFFY FLASH
Alexandrite
PRAGMATISM -RESURRECTION-	Pragmatism
Alice's Suitcase
迷える音色は恋の唄	A Wandering Melody of Love
Sheriruth
進め！マイウェイ！	susume my way
幻想即興曲	fantasie impromptu
月の光	clair de lune
「四季」より「冬」	winter
Moon of Noon
五等分のカタチ	quintessential quintuplets
魔法少女とチョコレゐト	Magical Girl and Chocolate	mahou shoujo to chocolate
少女レイ	shoujo rei shoujo ray
SUPER AMBULANCE
超常マイマイン	Paranormal my mind	Chojo maimain
VIIIbit Explorer	viiibit	8bit	byte	8bit explorer	vlllbit explorer
MAXRAGE
ぱくぱく☆がーる	Pakupaku Girl	Pakupaku
Resolution
STARRED HEART
青春コンプレックス	seishun complex
ギターと孤独と蒼い惑星	Guitar, Loneliness and Blue Planet
INTERNET OVERDOSE
新時代（ウタfrom ONE PIECE FILM RED）	New Genesis
祝福	The Blessing	Shuufuku
刃渡り2億センチ(TV edit)	HAWATARI NIOKU CENTI	Chainsaw man
おとせサンダー	Thunder Shoot	Otose Thunder
カレシのジュード
サラマンダー	Salamander
酔いどれ知らず
もぺもぺ	mope mope
neu
雷切-RAIKIRI-
LAMIA
オンソクデイズ!!	onsoku days
ウルガレオン
やめらんないな!	yamerannaina
Dive a Wave
ASH
Makear
プライマリー進化論
